time,contract,path
1730832803.3165283,CVE-2021-34273.code,"[0, 11, 63, 74, 85, 96, 107, 118, 129, 140, 151, 162, 173, 184, 1274, 1285, 3556, 3642]"
1730832803.3292384,CVE-2021-34273.code,"[0, 11, 63, 74, 85, 96, 107, 118, 129, 140, 151, 162, 173, 184, 1274, 1285, 3556, 3642]"
1730832803.3795085,CVE-2021-34273.code,"[0, 11, 63, 74, 85, 96, 107, 118, 129, 140, 151, 162, 173, 184, 1274, 1285, 3556, 3642]"
1730832803.9610574,CVE-2021-34273.code,"[0, 11, 63, 74, 85, 96, 107, 118, 129, 140, 151, 162, 173, 184, 1274, 1285, 3556, 3642]"
1730832803.9751942,CVE-2021-34273.code,"[0, 11, 63, 74, 85, 96, 107, 118, 129, 140, 151, 162, 173, 184, 1274, 1285, 3556, 3642]"
1730832804.0272098,CVE-2021-34273.code,"[0, 11, 63, 74, 85, 96, 107, 118, 129, 140, 151, 162, 173, 184, 1274, 1285, 3556, 3642]"
1730832883.2591195,0xA36ECCA8B7624D224F01CD6649C8afAd3Da12C3D.hex,"[0, 34, 55, 67, 78, 89, 100, 111, 122, 6684, 6729, 8916, 8950, 6736, 8956, 8990, 6745, 9612, 9618, 6775, 9713, 9782, 6855, 6861, 6867, 6902, 6909, 10199, 10264, 6918, 6927, 6936, 12961, 12972, 6943, 6951, 6967, 10408, 10420, 7031, 7088]"
1730832897.917774,0xf6193C65Cf3d1CeDDe0FF9d8Cb9781Ad21Ec980f.hex,"[0, 34, 55, 67, 78, 89, 100, 111, 122, 133, 144, 155, 166, 177, 188, 199, 210, 221, 232, 3384, 3393, 3435, 8349, 8383, 3442, 3484, 3500, 9045, 9051, 3520, 3636, 3642, 3835, 10856, 10885, 12389, 12400, 10892, 10915, 10969, 10986]"
1730836331.943953,0xC781c0cC527CB8C351bE3A64c690216c535C6F36.hex,"[0, 34, 55, 67, 78, 89, 100, 111, 122, 133, 144, 155, 166, 177, 188, 199, 210, 221, 232, 243, 254, 3254, 3263, 3305, 8283, 8317, 3312, 3354, 3370, 9023, 9029, 3390, 3490, 3496, 3685, 10512, 10541, 12093, 12104, 10548, 10571, 10625, 10642]"
1730838127.5006714,0x56bb34A12b70046b0a03EE63392C09cdDDAaA430.hex,"[0, 34, 55, 67, 78, 89, 100, 111, 122, 133, 144, 155, 166, 177, 188, 199, 210, 221, 232, 243, 254, 265, 3504, 3513, 3555, 9115, 9149, 3562, 3603, 3619, 9841, 9847, 3641, 9942, 9995, 3718, 3724, 3730, 4476, 11413, 11442, 13913, 13924, 11449, 11472, 11526, 11543]"
1730847978.28267,0x4dB99b79361F98865230f5702de024C69f629fEC.hex,"[0, 34, 55, 67, 78, 89, 100, 111, 122, 5566, 5611, 7835, 7869, 5618, 7870, 7904, 5627, 8591, 8597, 5659, 5797, 5803, 5808, 5815, 5823, 5832, 11618, 11629, 5839, 5847, 5862]"
1730848051.345252,0x4dB99b79361F98865230f5702de024C69f629fEC.hex,"[0, 34, 55, 67, 78, 89, 100, 111, 122, 5566, 5611, 7835, 7869, 5618, 7870, 7904, 5627, 8591, 8597, 5659, 5797, 5803, 5808, 5815, 5823, 5832, 11618, 11629, 5839, 5847, 5862]"
1730850173.4702916,0x73A52F1D7F5F3fA7B345313f98010f1558e7f498.hex,"[0, 13, 116, 128, 139, 150, 297, 309, 2034, 6488, 6519]"
1730850173.4793198,0x73A52F1D7F5F3fA7B345313f98010f1558e7f498.hex,"[0, 13, 116, 128, 139, 150, 297, 309, 2034, 6488, 6519]"
1730850177.4687042,0x73A52F1D7F5F3fA7B345313f98010f1558e7f498.hex,"[0, 13, 116, 128, 139, 150, 297, 309, 2034, 6488, 6519]"
1730850177.478095,0x73A52F1D7F5F3fA7B345313f98010f1558e7f498.hex,"[0, 13, 116, 128, 139, 150, 297, 309, 2034, 6488, 6519]"
1730850181.750147,0x73A52F1D7F5F3fA7B345313f98010f1558e7f498.hex,"[0, 13, 116, 128, 139, 150, 297, 309, 2034, 6488, 6519]"
1730850181.7596345,0x73A52F1D7F5F3fA7B345313f98010f1558e7f498.hex,"[0, 13, 116, 128, 139, 150, 297, 309, 2034, 6488, 6519]"
1730850181.86142,0x73A52F1D7F5F3fA7B345313f98010f1558e7f498.hex,"[0, 13, 30, 41, 52, 63, 466, 478, 10632, 10650, 10292, 10328, 9883, 493, 5192, 6488, 6519]"
1730850181.870788,0x73A52F1D7F5F3fA7B345313f98010f1558e7f498.hex,"[0, 13, 30, 41, 52, 63, 466, 478, 10632, 10650, 10292, 10328, 9883, 493, 5192, 6488, 6519]"
1730850187.5537326,0x73A52F1D7F5F3fA7B345313f98010f1558e7f498.hex,"[0, 13, 116, 128, 139, 150, 297, 309, 2034, 6488, 6519]"
1730850187.5633295,0x73A52F1D7F5F3fA7B345313f98010f1558e7f498.hex,"[0, 13, 116, 128, 139, 150, 297, 309, 2034, 6488, 6519]"
1730850187.6662872,0x73A52F1D7F5F3fA7B345313f98010f1558e7f498.hex,"[0, 13, 30, 41, 52, 63, 466, 478, 10632, 10650, 10292, 10328, 9883, 493, 5192, 6488, 6519]"
1730850187.6755843,0x73A52F1D7F5F3fA7B345313f98010f1558e7f498.hex,"[0, 13, 30, 41, 52, 63, 466, 478, 10632, 10650, 10292, 10328, 9883, 493, 5192, 6488, 6519]"
1730850197.060129,0x73A52F1D7F5F3fA7B345313f98010f1558e7f498.hex,"[0, 13, 116, 128, 139, 150, 297, 309, 2034, 6488, 6519]"
1730850197.0697174,0x73A52F1D7F5F3fA7B345313f98010f1558e7f498.hex,"[0, 13, 116, 128, 139, 150, 297, 309, 2034, 6488, 6519]"
1730850197.1754339,0x73A52F1D7F5F3fA7B345313f98010f1558e7f498.hex,"[0, 13, 30, 41, 52, 63, 466, 478, 10632, 10650, 10292, 10328, 9883, 493, 5192, 6488, 6519]"
1730850197.1850398,0x73A52F1D7F5F3fA7B345313f98010f1558e7f498.hex,"[0, 13, 30, 41, 52, 63, 466, 478, 10632, 10650, 10292, 10328, 9883, 493, 5192, 6488, 6519]"
1730855980.9766328,0xB959aD37aE65a692Ae2eb9A5f01F0413037010b9.hex,"[0, 16, 26, 43, 162, 222, 857, 4114, 5298, 5317]"
1730857169.294625,0xCb92F64b0B368cD1C0fCFC34073Cd5983906D098.hex,"[0, 13, 30, 220, 329, 1473, 1485, 11853, 11871, 1500, 5365, 9441, 9459]"
1730857169.310849,0xCb92F64b0B368cD1C0fCFC34073Cd5983906D098.hex,"[0, 13, 30, 220, 329, 1473, 1485, 11853, 11871, 1500, 5365, 9441, 9459]"
1730857169.4093504,0xCb92F64b0B368cD1C0fCFC34073Cd5983906D098.hex,"[0, 13, 30, 41, 149, 1832, 1844, 11853, 11871, 1859, 7005, 9441, 9459]"
1730857169.425526,0xCb92F64b0B368cD1C0fCFC34073Cd5983906D098.hex,"[0, 13, 30, 41, 149, 1832, 1844, 11853, 11871, 1859, 7005, 9441, 9459]"
1730857169.5240757,0xCb92F64b0B368cD1C0fCFC34073Cd5983906D098.hex,"[0, 13, 400, 412, 423, 434, 445, 456, 467, 1452, 1464, 5345, 9441, 9459]"
1730857169.5400136,0xCb92F64b0B368cD1C0fCFC34073Cd5983906D098.hex,"[0, 13, 400, 412, 423, 434, 445, 456, 467, 1452, 1464, 5345, 9441, 9459]"
1730857169.6382163,0xCb92F64b0B368cD1C0fCFC34073Cd5983906D098.hex,"[0, 13, 400, 591, 603, 614, 625, 636, 647, 1109, 1121, 4051, 9441, 9459]"
1730857169.6543074,0xCb92F64b0B368cD1C0fCFC34073Cd5983906D098.hex,"[0, 13, 400, 591, 603, 614, 625, 636, 647, 1109, 1121, 4051, 9441, 9459]"
1730857169.7513757,0xCb92F64b0B368cD1C0fCFC34073Cd5983906D098.hex,"[0, 13, 400, 412, 423, 482, 1273, 1285, 11878, 11896, 9771, 1300, 4798, 9441, 9459]"
1730857169.767338,0xCb92F64b0B368cD1C0fCFC34073Cd5983906D098.hex,"[0, 13, 400, 412, 423, 482, 1273, 1285, 11878, 11896, 9771, 1300, 4798, 9441, 9459]"
1730857169.865825,0xCb92F64b0B368cD1C0fCFC34073Cd5983906D098.hex,"[0, 13, 400, 412, 520, 532, 543, 554, 565, 576, 1241, 1253, 11853, 11871, 1268, 4785, 9441, 9459]"
1730857169.8817647,0xCb92F64b0B368cD1C0fCFC34073Cd5983906D098.hex,"[0, 13, 400, 412, 520, 532, 543, 554, 565, 576, 1241, 1253, 11853, 11871, 1268, 4785, 9441, 9459]"
1730862963.3773534,0x5d738c7a23Bd0805F6B516c9EdD46d39E163fca3.hex,"[0, 13, 116, 165, 177, 188, 257, 269, 804, 4015, 4046]"
1730862963.3864484,0x5d738c7a23Bd0805F6B516c9EdD46d39E163fca3.hex,"[0, 13, 116, 165, 177, 188, 257, 269, 804, 4015, 4046]"
1730862968.0733225,0x5d738c7a23Bd0805F6B516c9EdD46d39E163fca3.hex,"[0, 13, 116, 165, 177, 188, 257, 269, 804, 4015, 4046]"
1730862968.0824726,0x5d738c7a23Bd0805F6B516c9EdD46d39E163fca3.hex,"[0, 13, 116, 165, 177, 188, 257, 269, 804, 4015, 4046]"
1730862971.8492692,0x5d738c7a23Bd0805F6B516c9EdD46d39E163fca3.hex,"[0, 13, 116, 165, 177, 188, 257, 269, 804, 4015, 4046]"
1730862971.8585367,0x5d738c7a23Bd0805F6B516c9EdD46d39E163fca3.hex,"[0, 13, 116, 165, 177, 188, 257, 269, 804, 4015, 4046]"
1730862971.9582129,0x5d738c7a23Bd0805F6B516c9EdD46d39E163fca3.hex,"[0, 13, 30, 41, 52, 458, 470, 10011, 10029, 9745, 9781, 9336, 485, 3327, 4015, 4046]"
1730862971.9673634,0x5d738c7a23Bd0805F6B516c9EdD46d39E163fca3.hex,"[0, 13, 30, 41, 52, 458, 470, 10011, 10029, 9745, 9781, 9336, 485, 3327, 4015, 4046]"
1730862976.224013,0x5d738c7a23Bd0805F6B516c9EdD46d39E163fca3.hex,"[0, 13, 116, 165, 177, 188, 257, 269, 804, 4015, 4046]"
1730862976.233282,0x5d738c7a23Bd0805F6B516c9EdD46d39E163fca3.hex,"[0, 13, 116, 165, 177, 188, 257, 269, 804, 4015, 4046]"
1730862976.331925,0x5d738c7a23Bd0805F6B516c9EdD46d39E163fca3.hex,"[0, 13, 30, 41, 52, 458, 470, 10011, 10029, 9745, 9781, 9336, 485, 3327, 4015, 4046]"
1730862976.340942,0x5d738c7a23Bd0805F6B516c9EdD46d39E163fca3.hex,"[0, 13, 30, 41, 52, 458, 470, 10011, 10029, 9745, 9781, 9336, 485, 3327, 4015, 4046]"
1730863002.8466165,0x5d738c7a23Bd0805F6B516c9EdD46d39E163fca3.hex,"[0, 13, 116, 165, 177, 188, 257, 269, 804, 4015, 4046]"
1730863002.856488,0x5d738c7a23Bd0805F6B516c9EdD46d39E163fca3.hex,"[0, 13, 116, 165, 177, 188, 257, 269, 804, 4015, 4046]"
1730863002.9545453,0x5d738c7a23Bd0805F6B516c9EdD46d39E163fca3.hex,"[0, 13, 30, 41, 52, 458, 470, 10011, 10029, 9745, 9781, 9336, 485, 3327, 4015, 4046]"
1730863002.9640298,0x5d738c7a23Bd0805F6B516c9EdD46d39E163fca3.hex,"[0, 13, 30, 41, 52, 458, 470, 10011, 10029, 9745, 9781, 9336, 485, 3327, 4015, 4046]"
1730863046.3533523,0xAE90E7aDCDc26132568d83a5c3367CdE912763Bd.hex,"[0, 13, 30, 269, 281, 292, 303, 2305, 2317, 10378, 10397, 10328, 7517, 10408, 2332, 7291, 7998, 8062, 8138, 8329, 8441, 8477, 9799, 9823, 9839, 8485, 8490]"
1730863046.3671138,0xAE90E7aDCDc26132568d83a5c3367CdE912763Bd.hex,"[0, 13, 30, 269, 281, 292, 303, 2305, 2317, 10378, 10397, 10328, 7517, 10408, 2332, 7291, 7998, 8062, 8138, 8329, 8441, 8477, 9799, 9823, 9839, 8485, 8490]"
1730863048.0388162,0xAE90E7aDCDc26132568d83a5c3367CdE912763Bd.hex,"[0, 13, 487, 716, 728, 787, 799, 810, 1285, 1297, 10472, 10493, 10328, 7517, 10504, 10328, 7517, 10520, 1312, 3578, 3772, 7998, 8062, 8138, 8329, 8441, 8477, 9799, 9823, 9839, 8485, 8490]"
1730863048.0514927,0xAE90E7aDCDc26132568d83a5c3367CdE912763Bd.hex,"[0, 13, 487, 716, 728, 787, 799, 810, 1285, 1297, 10472, 10493, 10328, 7517, 10504, 10328, 7517, 10520, 1312, 3578, 3772, 7998, 8062, 8138, 8329, 8441, 8477, 9799, 9823, 9839, 8485, 8490]"
